30 Min,12
1 Hour,12
1.5 Hours,12
2 Hours,12
2.5 Hours,12
3 Hours,12
3.5 Hours,11
4 Hours,11
4.5 Hours,11
5 Hours,11
5.5 Hours,11
6 Hours,11
6.5 Hours,11
7 Hours,11
7.5 Hours,11
8 Hours,11
8.5 Hours,11
9 Hours,11
9.5 Hours,12
10 Hours,12
10.5 Hours,10
11 Hours,10
11.5 Hours,10
12 Hours,10
12.5 Hours,10
13 Hours,10
13.5 Hours,9
14 Hours,9
14.5 Hours,9
15 Hours,9
15.5 Hours,11
16 Hours,11
16.5 Hours,12
17 Hours,12
17.5 Hours,12
18 Hours,12
18.5 Hours,11
19 Hours,11
19.5 Hours,10
20 Hours,10
20.5 Hours,11
21 Hours,11
21.5 Hours,11
22 Hours,11
22.5 Hours,10
23 Hours,10
23.5 Hours,10
24 Hours,10
