1 Lap,1
2 Laps,1
3 Laps,1
4 Laps,1
5 Laps,1
6 Laps,1
7 Laps,1
8 Laps,1
9 Laps,1
10 Laps,1
11 Laps,1
12 Laps,1
13 Laps,1
14 Laps,1
15 Laps,1
16 Laps,1
17 Laps,1
18 Laps,1
19 Laps,1
20 Laps,1
21 Laps,1
22 Laps,1
23 Laps,1
24 Laps,1
25 Laps,1
26 Laps,1
27 Laps,1
28 Laps,1
29 Laps,1
30 Laps,1
31 Laps,1
32 Laps,1
33 Laps,1
34 Laps,1
35 Laps,1
36 Laps,1
37 Laps,1
38 Laps,1
39 Laps,1
40 Laps,1
41 Laps,1
42 Laps,1
43 Laps,1
44 Laps,1
45 Laps,1
46 Laps,1
47 Laps,1
48 Laps,1
49 Laps,1
50 Laps,1
51 Laps,1
52 Laps,1
53 Laps,1
54 Laps,1
55 Laps,1
56 Laps,1
57 Laps,1
58 Laps,1
59 Laps,1
60 Laps,1
61 Laps,1
62 Laps,1
63 Laps,1
64 Laps,1
65 Laps,1
66 Laps,1
67 Laps,1
68 Laps,1
69 Laps,1
70 Laps,1
71 Laps,1
72 Laps,1
73 Laps,1
74 Laps,1
75 Laps,1
76 Laps,1
77 Laps,1
78 Laps,1
79 Laps,1
80 Laps,1
81 Laps,1
82 Laps,1
83 Laps,1
84 Laps,1
85 Laps,1
86 Laps,1
87 Laps,1
88 Laps,1
89 Laps,1
90 Laps,1
91 Laps,1
92 Laps,1
93 Laps,1
94 Laps,1
95 Laps,1
96 Laps,1
97 Laps,1
98 Laps,1
99 Laps,1
100 Laps,1
101 Laps,1
102 Laps,1
103 Laps,1
104 Laps,1
105 Laps,1
106 Laps,1
107 Laps,1
108 Laps,1
109 Laps,1
110 Laps,1
111 Laps,1
112 Laps,1
113 Laps,1
114 Laps,1
115 Laps,1
116 Laps,1
117 Laps,1
118 Laps,1
119 Laps,1
120 Laps,1
121 Laps,1
122 Laps,1
123 Laps,1
124 Laps,1
125 Laps,1
126 Laps,1
127 Laps,1
128 Laps,1
129 Laps,1
130 Laps,1
131 Laps,1
132 Laps,1
133 Laps,1
134 Laps,1
135 Laps,1
136 Laps,1
137 Laps,1
138 Laps,1
139 Laps,1
140 Laps,1
141 Laps,1
142 Laps,1
143 Laps,1
144 Laps,1
145 Laps,1
146 Laps,1
147 Laps,1
148 Laps,1
149 Laps,1
150 Laps,1
151 Laps,1
152 Laps,1
153 Laps,1
154 Laps,1
155 Laps,1
156 Laps,1
157 Laps,1
158 Laps,1
159 Laps,1
160 Laps,1
161 Laps,1
162 Laps,1
163 Laps,1
164 Laps,1
165 Laps,1
166 Laps,1
167 Laps,1
168 Laps,1
169 Laps,1
170 Laps,1
171 Laps,1
172 Laps,1
173 Laps,1
174 Laps,1
175 Laps,1
176 Laps,1
177 Laps,1
178 Laps,1
179 Laps,1
180 Laps,1
181 Laps,1
182 Laps,1
183 Laps,1
184 Laps,1
185 Laps,1
186 Laps,1
187 Laps,1
188 Laps,1
189 Laps,1
190 Laps,1
191 Laps,1
192 Laps,1
193 Laps,1
194 Laps,1
195 Laps,1
196 Laps,1
197 Laps,1
198 Laps,1
199 Laps,1
200 Laps,1
201 Laps,1
202 Laps,1
203 Laps,1
204 Laps,1
205 Laps,1
206 Laps,1
207 Laps,1
208 Laps,1
209 Laps,1
210 Laps,1
211 Laps,1
212 Laps,1
213 Laps,1
214 Laps,1
215 Laps,1
216 Laps,1
217 Laps,1
218 Laps,1
219 Laps,1
220 Laps,1
221 Laps,1
222 Laps,1
223 Laps,1
224 Laps,1
225 Laps,1
226 Laps,1
227 Laps,1
228 Laps,1
229 Laps,1
230 Laps,1
231 Laps,1
232 Laps,1
233 Laps,1
234 Laps,1
235 Laps,1
236 Laps,1
237 Laps,1
238 Laps,1
239 Laps,1
240 Laps,1
241 Laps,1
242 Laps,1
243 Laps,1
244 Laps,1
245 Laps,1
246 Laps,1
247 Laps,1
248 Laps,1
249 Laps,1
250 Laps,1
251 Laps,1
252 Laps,1
253 Laps,1
254 Laps,1
255 Laps,1
256 Laps,1
257 Laps,1
258 Laps,1
259 Laps,1
260 Laps,1
261 Laps,1
262 Laps,1
263 Laps,1
264 Laps,1
265 Laps,1
266 Laps,1
267 Laps,1
268 Laps,1
269 Laps,1
270 Laps,1
271 Laps,1
272 Laps,1
273 Laps,1
274 Laps,1
275 Laps,1
276 Laps,1
277 Laps,1
278 Laps,1
279 Laps,1
280 Laps,1
281 Laps,1
282 Laps,1
283 Laps,1
284 Laps,1
285 Laps,1
286 Laps,1
287 Laps,1
288 Laps,1
289 Laps,1
290 Laps,1
291 Laps,1
292 Laps,1
293 Laps,1
294 Laps,1
295 Laps,1
296 Laps,1
297 Laps,1
298 Laps,1
299 Laps,1
300 Laps,1
301 Laps,1
302 Laps,1
303 Laps,1
304 Laps,1
305 Laps,1
306 Laps,1
307 Laps,1
308 Laps,1
309 Laps,1
310 Laps,1
311 Laps,1
312 Laps,1
313 Laps,1
314 Laps,1
315 Laps,1
316 Laps,1
317 Laps,1
318 Laps,1
319 Laps,1
320 Laps,1
321 Laps,1
322 Laps,1
323 Laps,1
324 Laps,1
325 Laps,1
326 Laps,1
327 Laps,1
328 Laps,1
329 Laps,1
330 Laps,1
331 Laps,1
332 Laps,1
333 Laps,1
334 Laps,1
335 Laps,1
336 Laps,1
337 Laps,1
338 Laps,1
339 Laps,1
340 Laps,1
341 Laps,1
342 Laps,1
343 Laps,1
344 Laps,1
345 Laps,1
346 Laps,1
347 Laps,1
348 Laps,1
349 Laps,1
350 Laps,1
351 Laps,1
352 Laps,1
353 Laps,1
354 Laps,1
355 Laps,1
356 Laps,1
357 Laps,1
358 Laps,1
359 Laps,1
360 Laps,1
361 Laps,1
362 Laps,1
363 Laps,1
364 Laps,1
365 Laps,1
366 Laps,1
367 Laps,1
368 Laps,1
369 Laps,1
370 Laps,1
371 Laps,1
372 Laps,1
373 Laps,1
374 Laps,1
375 Laps,1
376 Laps,1
377 Laps,1
378 Laps,1
379 Laps,1
380 Laps,1
381 Laps,1
382 Laps,1
383 Laps,1
384 Laps,1
385 Laps,1
386 Laps,1
387 Laps,1
388 Laps,1
389 Laps,1
390 Laps,1
391 Laps,1
392 Laps,1
393 Laps,1
394 Laps,1
395 Laps,1
396 Laps,1
397 Laps,1
398 Laps,1
399 Laps,1
400 Laps,1
401 Laps,1
402 Laps,1
403 Laps,1
404 Laps,1
405 Laps,1
406 Laps,1
407 Laps,1
408 Laps,1
409 Laps,1
410 Laps,1
411 Laps,1
412 Laps,1
413 Laps,1
414 Laps,1
415 Laps,1
416 Laps,1
417 Laps,1
418 Laps,1
419 Laps,1
420 Laps,1
421 Laps,1
422 Laps,1
423 Laps,1
424 Laps,1
425 Laps,1
426 Laps,1
427 Laps,1
428 Laps,1
429 Laps,1
430 Laps,1
431 Laps,1
432 Laps,1
433 Laps,1
434 Laps,1
435 Laps,1
436 Laps,1
437 Laps,1
438 Laps,1
439 Laps,1
440 Laps,1
441 Laps,1
442 Laps,1
443 Laps,1
444 Laps,1
445 Laps,1
446 Laps,1
447 Laps,1
448 Laps,1
449 Laps,1
450 Laps,1
451 Laps,1
452 Laps,1
453 Laps,1
454 Laps,1
455 Laps,1
456 Laps,1
457 Laps,1
458 Laps,1
459 Laps,1
460 Laps,1
461 Laps,1
462 Laps,1
463 Laps,1
464 Laps,1
465 Laps,1
466 Laps,1
467 Laps,1
468 Laps,1
469 Laps,1
470 Laps,1
471 Laps,1
472 Laps,1
473 Laps,1
474 Laps,1
475 Laps,1
476 Laps,1
477 Laps,1
478 Laps,1
479 Laps,1
480 Laps,1
481 Laps,1
482 Laps,1
483 Laps,1
484 Laps,1
485 Laps,1
486 Laps,1
487 Laps,1
488 Laps,1
489 Laps,1
490 Laps,1
491 Laps,1
492 Laps,1
493 Laps,1
494 Laps,1
495 Laps,1
496 Laps,1
497 Laps,1
498 Laps,1
499 Laps,1
500 Laps,1
501 Laps,1
502 Laps,1
503 Laps,1
504 Laps,1
505 Laps,1
506 Laps,1
507 Laps,1
508 Laps,1
509 Laps,1
510 Laps,1
511 Laps,1
512 Laps,1
513 Laps,1
514 Laps,1
515 Laps,1
516 Laps,1
517 Laps,1
518 Laps,1
519 Laps,1
520 Laps,1
521 Laps,1
522 Laps,1
523 Laps,1
524 Laps,1
525 Laps,1
526 Laps,1
527 Laps,1
528 Laps,1
529 Laps,1
530 Laps,1
531 Laps,1
532 Laps,1
533 Laps,1
534 Laps,1
535 Laps,1
536 Laps,1
537 Laps,1
538 Laps,1
539 Laps,1
540 Laps,1
541 Laps,1
542 Laps,1
543 Laps,1
544 Laps,1
545 Laps,1
546 Laps,1
547 Laps,1
548 Laps,1
549 Laps,1
550 Laps,1
551 Laps,1
552 Laps,1
553 Laps,1
554 Laps,1
555 Laps,1
556 Laps,1
557 Laps,1
558 Laps,1
559 Laps,1
560 Laps,1
561 Laps,1
562 Laps,1
563 Laps,1
564 Laps,1
565 Laps,1
566 Laps,1
567 Laps,1
568 Laps,1
569 Laps,1
570 Laps,1
571 Laps,1
572 Laps,1
573 Laps,1
574 Laps,1
575 Laps,1
576 Laps,1
577 Laps,1
578 Laps,1
579 Laps,1
580 Laps,1
581 Laps,1
582 Laps,1
583 Laps,1
584 Laps,1
585 Laps,1
586 Laps,1
587 Laps,1
588 Laps,1
589 Laps,1
590 Laps,1
591 Laps,1
592 Laps,1
593 Laps,1
594 Laps,1
595 Laps,1
596 Laps,1
597 Laps,1
598 Laps,1
599 Laps,1
600 Laps,1
601 Laps,1
602 Laps,1
603 Laps,1
604 Laps,1
605 Laps,1
606 Laps,1
607 Laps,1
608 Laps,1
609 Laps,1
610 Laps,1
611 Laps,1
612 Laps,1
613 Laps,1
614 Laps,1
615 Laps,1
616 Laps,1
617 Laps,1
618 Laps,1
619 Laps,1
620 Laps,1
621 Laps,1
622 Laps,1
623 Laps,1
624 Laps,1
625 Laps,1
626 Laps,1
627 Laps,1
628 Laps,1
629 Laps,1
630 Laps,1
631 Laps,1
632 Laps,1
633 Laps,1
634 Laps,1
635 Laps,1
636 Laps,1
637 Laps,1
638 Laps,1
639 Laps,1
640 Laps,1
641 Laps,1
642 Laps,1
643 Laps,1
644 Laps,1
645 Laps,1
646 Laps,1
647 Laps,1
648 Laps,1
649 Laps,1
650 Laps,1
651 Laps,1
652 Laps,1
653 Laps,1
654 Laps,1
655 Laps,1
656 Laps,1
657 Laps,1
658 Laps,1
659 Laps,1
660 Laps,1
661 Laps,1
662 Laps,1
663 Laps,1
664 Laps,1
665 Laps,1
666 Laps,1
667 Laps,1
668 Laps,1
669 Laps,1
670 Laps,1
671 Laps,1
672 Laps,1
673 Laps,1
674 Laps,1
675 Laps,1
676 Laps,1
677 Laps,1
678 Laps,1
679 Laps,1
680 Laps,1
681 Laps,1
682 Laps,1
683 Laps,1
684 Laps,1
685 Laps,1
686 Laps,1
687 Laps,1
688 Laps,1
689 Laps,1
690 Laps,1
691 Laps,1
692 Laps,1
693 Laps,1
694 Laps,1
695 Laps,1
696 Laps,1
697 Laps,1
698 Laps,1
699 Laps,1
700 Laps,1
